nome,cnpj,codigo_car,codigo_ibge,poligono
Fazenda Exemplo,54194116000138,MT-5107248-1025F299474640148FE845C7A0B62635,3509502,"POLYGON ((-58.9144585643381 -13.5072128852218,-58.8657268985861 -13.5134933385645,-58.8657268985861 -13.5139585573307,-58.8666573361184 -13.5153542136291,-58.9144585643381 -13.5072128852218))"
