poligono,area,tipo_produtor,plantio_contorno
"POLYGON ((-47.112207 -22.809752,-47.104869 -22.809969,-47.102916 -22.809000,-47.101350 -22.809633,-47.100041 -22.811749,-47.106500 -22.813253,-47.112358 -22.809910,-47.112207 -22.809752))",32.0,Proprietário,1
